borehole_id,x_m,true_rockhead_depth_m,observed_rockhead_depth_m,assumed_depth_noise_std_m
BH-1,18.0,21.979914842986823,21.639929844520328,0.25
BH-2,58.0,15.407913556881823,15.631547576695882,0.25
BH-3,103.0,20.070451331015732,20.158178351451216,0.25
